ID,Par_No,kl1,ifdlim,ifdinf,B,C,T,kl2,tl1,tl2,valid1,valid2,Note
1,3,10.000000,16.000000,8.000000,20.000000,7.600000,4.000000,20.000000,0.100000,0.200000,1,1,
2,4,10.000000,16.000000,2.900000,2.523000,2.755000,4.000000,20.000000,0.100000,0.200000,1,1,