ID,Par_No,GRATEPOWER,XPP,OMG_BASE,TJ_GEN,WTGMODEL,CONVERTYPE,TCO,NDBRflg,Ebst,Kdbr,NLVRTflg,VL1,VL2,TL1,TL2,LVRTP,VH1,VH2,TH1,TH2,HVRTP,NQMOD,TR,FN,TV,KPV,KIV,VERMN,VERMX,VFRZ,QMAX,QMIN,TC,TPWR,RC,XC,IPMAX,KQI,KVI,XIQMAX,XIQMIN,VMAX,VMIN,Npqflag,LphL,LqhL,ImaxTD,Iqmxv0,NLVPLflg,VZEROX,IPZEROX,VBRKPT,PBRKPT,RRPWR,LVPLDT,LVPLRRT,LVPLOSR,LVPLDDLY,LVPLUDLY,TVEMD,SWITCHIQK,SWITCHIIN,RHO,VWIND_CI,VWIND_CO,VWIND_RATE,VWIND0,A1,A2,A3,A4,A5,A6,A7,A8,A9,A10,A11,A12,A13,A14,A15,A16,A17,A18,A19,A20,A21,A22,A23,A24,A25,ITURBINE_RADIUS,OMG_BASET,TJ_TURBINE,TUR_MODEL,AXIS_FLEX,AXIS_DAMP,TH,OMG_RATE,KPTRQ,KITRQ,TPC,Pmax,Pmin,DPmax,DPmin,Kpp,Kip,KPC,KIC,TP,THETAMAX,THETAMIN,DTHETAMAX,DTHETAMIN,NApcflg,Tw,TPAV,apcPa,apcPbc,apcPd,apcFa,apcFb,apcFc,apcFd,apcPmax,apcPmin,NWdinflg,KWI,dbwi,Tlpwi,Twowi,urlwi,drlwi,Pmxwi,Pmnwi,NQdroopflg,TLPQD,KQD,XQD,COSPHI,TRV,NWfflg,TMP1,TMP2,TMP3,TMP4,TMP5,TMP6,TMP7,TMP8,TMP9,TMP10,Note
1,1,2.500000,0.800000,1375.000000,1.640000,2,0,0.020000,1,0.200000,10.000000,1,0.150000,0.750000,0.700000,2.500000,1.000000,1.300000,1.100000,0.020000,1.330000,1.000000,1,0.020000,1.000000,0.050000,18.000000,5.000000,-0.100000,0.100000,0.700000,0.436000,-0.436000,0.150000,0.050000,0.000000,0.000000,1.100000,0.100000,120.000000,1.450000,0.500000,1.100000,0.900000,1,1.240000,1.250000,1.700000,1.600000,1,0.400000,0.000000,0.900000,1.220000,10.000000,0.000000,0.000000,0.000000,0.000000,0.000000,0.020000,0.000000,0.000000,1.225000,3.000000,25.000000,11.800000,0.000000,-0.419090000000000,0.218080000000000,-0.012406000000000,-0.000133650000000,0.000011524000000,-0.067606000000000,0.060405000000000,-0.013934000000000,0.001068300000000,-0.000023895000000,0.015727000000000,-0.010996000000000,0.002149500000000,-0.000148550000000,0.000002793700000,-0.000860180000000,0.000570510000000,-0.000104790000000,0.000005992400000,-0.000000089194000,0.000014787000000,-0.000009483900000,0.000001616700000,-0.000000071535000,0.000000000496860,35.200001,15.400000,6.720000,1,3.860000,1.500000,0.500000,1.200000,0.300000,0.100000,0.050000,1.000000,0.000000,0.450000,-0.450000,150.000000,25.000000,3.000000,30.000000,0.300000,27.000000,0.000000,10.000000,-10.000000,0,1.000000,0.150000,1.000000,0.950000,0.400000,0.960000,0.996000,1.004000,1.040000,1.000000,0.200000,0,10.000000,0.002500,1.000000,5.500000,0.100000,-1.000000,0.100000,0.000000,0,5.000000,0.040000,0.000000,1.000000,0.020000,0.000000,0.000000,0.000000,0.000000,0.000000,0.000000,0.000000,0.000000,0.000000,0.000000,0.000000,