ID,Par_No,K_Rotate,K_Power,K_Voltage,K_Type,T_Washout,T1_Shift,T2_Shift,T3_Shift,T4_Shift,Vs_Max,Vs_Min,Note
1,1,0.000000,0.670000,0.000000,0,2.000000,0.250000,3.000000,0.400000,0.020000,0.050000,-0.050000,__1
2,2,1.000000,0.424000,1.000000,0,6.000000,0.300000,6.000000,0.300000,0.020000,0.050000,-0.050000,
3,3,0.000000,2.000000,0.000000,0,3.000000,0.250000,1.500000,0.150000,0.050000,0.100000,-0.100000,__
4,4,0.000000,2.000000,0.000000,0,3.000000,0.460000,1.380000,0.138000,0.046000,0.100000,-0.100000,AVR1  29
5,5,0.000000,4.840000,0.000000,0,4.000000,0.483000,0.235000,0.483000,0.235000,0.100000,-0.100000,__PSS