ID,Par_No,Type,Regu_Ratio,T_Service,Dead_Range,Valve_Max,Valve_Min,Gate_Max,Gate_Min,T0_Steam,Tw_Hydro,K_Overheat,T_Overheat,K_Measure,K_Sfeed,T_Sfeed,Note
1,1,1,5.000000,0.500000,0.002000,1.000000,-1.000000,1.000000,0.000000,0.200000,0.000000,1.000000,100000.000000,20.000000,0.000000,100000.000000,GOV 1
2,2,2,4.000000,5.000000,0.002000,1.000000,-1.000000,1.000000,0.000000,0.500000,1.000000,1.000000,100000.000000,20.000000,0.500000,5.000000,GOV 2
3,3,1,5.000000,0.500000,0.002000,1.000000,-1.000000,1.000000,0.000000,0.200000,0.000000,0.333000,10.000000,20.000000,0.000000,100000.000000,GOV 3