ID,Par_No,K_Amplify,DB_Max,DB_Min,B_Max,B_Min,T_Amplify,T_Measure,T_Rectifier,Note
1,1,50.000000,1.200000,-1.200000,1.200000,-1.200000,0.050000,0.050000,0.001000,SVC 1-1
2,2,50.000000,1.200000,-1.200000,0.600000,-0.600000,0.040000,0.001000,0.001000,SVC 1-2
3,3,30.000000,100.000000,-100.000000,0.045000,-0.045000,0.050000,0.005000,0.001000,SVC 1-3
4,4,50.000000,100.000000,-100.000000,2.400000,-2.400000,0.050000,0.050000,0.001000,SVC 1-4