ID,Par_No,X_Reactor,X_Capacity,I_Overload,T_Lag,Note
1,1,0.04166700,-0.03958333,6.00000,0.02000,SVC 2-1
2,2,0.04166700,-0.03333333,6.00000,0.02000,SVC 2-2
3,3,0.04166700,-0.02083333,6.00000,0.02000,SVC 2-3