ID,Par_No,K_Measure,T_Measure,K_Amplify,T_Amplify,K_Feed,T_Feed,T_Exciter,Efd_Max,Efd_Min,Note
1,1,1.000000,0.030000,50.000000,0.030000,0.040000,0.715000,0.500000,5.000000,0.000000,AVR 1-1
2,2,1.000000,0.000100,20.000000,0.000100,0.000000,0.715000,0.500000,5.000000,0.000000,AVR 1-2
3,3,1.000000,0.030000,20.000000,0.030000,0.200000,10000.000000,0.500000,5.000000,0.000000,AVR 1-3
4,4,1.000000,0.030000,20.000000,0.030000,0.040000,0.715000,0.500000,3.300000,0.000000,AVR 1-4
5,5,1.000000,0.030000,20.000000,0.030000,0.000000,0.715000,0.500000,3.300000,0.000000,AVR 1-5
6,6,1.000000,0.030000,20.000000,0.030000,0.040000,0.715000,0.500000,6.000000,0.000000,AVR 1-6
7,7,1.000000,0.030000,21.500000,0.030000,0.000000,0.715000,0.050000,4.000000,0.000000,AVR 1-7
8,8,1.000000,0.030000,21.500000,0.030000,0.000000,0.715000,0.500000,3.300000,0.000000,AVR 1-8
9,9,0.000000,0.030000,0.000000,0.030000,0.040000,0.715000,0.500000,5.000000,0.000000,AVR__