ID,Par_No,T_LB,DEATH,KMLB,K1,K2,KMCT,KP1,KD1,KI1,IMAX1,IMIN1,PMAX1,PMIN1,FFMAX,FFMIN,TC,Topen,VELC,VELO,PMAX,PMIN,TF,KP,KD,KI,IMAX,IMIN,PIDMAX,PIDMIN,TCH,FHP,TRH,FIP,TCO,FLP,LND,TSH,TD,TW,K_MP,TDLY,VMAX,VMIN,T4,Note
1,1,0.200000,0.001330,0,22.200001,1.000000,1,0.200000,0.000000,0.050000,2.000000,-2.000000,2.000000,-2.000000,0.100000,-1.000000,1.000000,2.000000,-1.000000,0.100000,1.050000,-0.040000,0.020000,1.000000,0.000000,0.000000,2.000000,-2.000000,2.000000,-2.000000,0.200000,0.300000,14.400000,0.350000,0.300000,0.350000,0.600000,0.010000,0.010000,0.010000,0.000000,0.010000,0.000000,0.000000,0.000000,