ID,Par_No,Kqv,Tqv,TQ1,TQ1P,TQ2,TQ2P,TQ3,TQ3P,Vsmax,Vsmin,Note
1,1,1.200000,0.100000,0.200000,0.500000,1.000000,1.000000,1.000000,1.000000,0.100000,-0.100000,