ID,Par_No,Rd,Xd,mtype,s0,mlf,R1,X1,R2,X2,TJ,XM,A,B,pfact,P_Z,Q_Z,P_I,Q_I,Fp,Fq,gen_valid,gen_P0,gen_Q0,gen_sn,gen_pn,gen_model,gen_par,avr_model,avr_par,gov_model,gov_par,pss_model,pss_par,K_SB,Note
1,1,0.023000,0.040000,2,0.000000,0.400000,0.060000,0.110000,0.023000,0.110000,0.724000,2.600000,0.850000,0.000000,0.850000,0.250000,0.250000,0.550000,0.550000,1.200000,0.000000,0,0.000000,0.000000,0.000000,0.000000,0,0,0,0,0,0,0,0,1,
2,2,0.010000,0.020000,2,0.000000,0.400000,0.017500,0.115000,0.009000,0.115000,3.000000,3.800000,0.850000,0.000000,0.850000,0.250000,0.250000,0.650000,0.650000,1.200000,0.000000,0,0.000000,0.000000,0.000000,0.000000,0,0,0,0,0,0,0,0,1,