ID,Par_No,xc_modul,tr_measure,k_dcplus,kv_integ,t1_series,t2_series,t3_series,t4_series,ka_amplify,ta_amplify,vamax,vamin,kf_paral,tf_paral,kh1_feed,kb_adjust,t5_adjust,vrmax,vrmin,ke_exciter,te_exciter,vemax,c1_exciter,c2_exciter,kc_load,kd_exciter,efdmax,R_MODEL,vmax1,vmin1,vmax2,vmin2,lelocation,lemodel,leparno,oelocation,oemodel,oeparno,oilocation,oimodel,oiparno,Note
1,1,0.000000,0.030000,500.000000,1.000000,0.030000,0.030000,0.100000,0.100000,1.000000,0.020000,99999.000000,-99999.000000,0.000000,1.200000,2.000000,1.000000,0.020000,20.000000,-20.000000,1.000000,1.500000,99999.000000,0.000000,0.397900,0.100000,1.700000,99999.000000,0,99999.000000,-99999.000000,99999.000000,-99999.000000,0,1,0,0,1,0,0,1,0,
2,2,0.000000,0.030000,500.000000,1.000000,0.030000,0.030000,0.100000,0.100000,1.000000,0.020000,99999.000000,-99999.000000,25.000000,1.200000,2.000000,1.000000,0.020000,20.000000,-20.000000,1.000000,1.500000,99999.000000,0.000000,0.397900,0.100000,1.700000,99999.000000,0,99999.000000,-99999.000000,99999.000000,-99999.000000,0,1,0,0,1,0,0,1,0,
3,3,0.000000,0.030000,500.000000,1.000000,0.030000,0.030000,0.100000,0.100000,1.000000,0.020000,99999.000000,-99999.000000,0.000000,1.200000,2.000000,1.000000,0.020000,20.000000,-20.000000,1.000000,1.500000,99999.000000,0.000000,0.397900,0.100000,1.700000,99999.000000,0,99999.000000,-99999.000000,99999.000000,-99999.000000,0,1,0,1,1,3,0,1,0,
4,4,0.000000,0.030000,500.000000,1.000000,0.030000,0.030000,0.100000,0.100000,1.000000,0.020000,99999.000000,-99999.000000,0.000000,1.200000,2.000000,1.000000,0.020000,20.000000,-20.000000,1.000000,1.500000,99999.000000,0.000000,0.397900,0.100000,1.700000,99999.000000,0,99999.000000,-99999.000000,99999.000000,-99999.000000,0,1,0,1,1,4,0,1,0,